48|/podcast/episode/list/40|/static/images/podcasts/otroelefante.png|4
53|/podcast/episode/list/6|/static/images/podcasts/Facil.png|12
54|/podcast/feed/episodes/34|/static/images/podcasts/Oceano.png|2
55|/podcast/episode/list/1|/static/images/podcasts/LaMesa.png|11
56|/podcast/episode/list/15|/static/images/podcasts/Quien.png|10
57|/podcast/episode/list/2|/static/images/podcasts/dearriba.jpg|18
58|/podcast/episode/list/32|/static/images/podcasts/CoquetoEscenario.png|16
59|/podcast/episode/list/4|/static/images/podcasts/justicia.jpg|17
60|/podcast/episode/list/7|/static/images/podcasts/todopasa.jpg|15
61|/podcast/episode/list/48|/static/images/podcasts/MaxiGuerra.png|5
62|/podcast/episode/list/43|/static/images/podcasts/SergioPena.png|6
66|/podcast/episode/list/45|/static/images/podcasts/master.jpg|1
67|/podcast/episode/list/44|/static/images/podcasts/dobrich.jpg|7
68|/podcast/episode/list/47|/static/images/podcasts/TasaDeEmarque.png|14
69|/podcast/episode/list/49|/static/images/podcasts/delsol.png|3
70|/podcast/episode/list/21|/static/images/podcasts/NoToquenNada.png|9
71|/podcast/episode/list/38|/static/images/podcasts/abrepalabra.jpg|19
72|/podcast/episode/list/53|/static/images/podcasts/ciencia.jpg|20
73|/podcast/episode/list/54|/static/images/podcasts/tecnologia.jpg|21
74|/podcast/episode/list/52|/static/images/podcasts/moncho.jpg|8
75|/podcast/episode/list/55|/static/images/podcasts/ddle.jpg|22
76|/podcast/episode/list/3|/static/images/podcasts/Darwin.png|13
